{
  "view/View.view.xml": 1697568464473,
  "controller/App.controller.js": 1697568464469,
  "controller/View.controller.js": 1697568464473,
  "model/models.js": 1697568464465,
  "manifest.json": 1697638694874,
  "Component.js": 1697568464457,
  "Component-dbg.js": 1697568464457,
  "Component.js.map": 1697638695060,
  "controller/View-dbg.controller.js": 1697568464473,
  "controller/View.controller.js.map": 1697638695036,
  "model/models-dbg.js": 1697568464465,
  "model/models.js.map": 1697638695038,
  "controller/App-dbg.controller.js": 1697568464469,
  "controller/App.controller.js.map": 1697638695073,
  "Component-preload.js": 1697638695170,
  "Component-preload.js.map": 1697638695170,
  "i18n/i18n.properties": 1697568464461,
  "view/App.view.xml": 1697568464473,
  "css/style.css": 1697568464469,
  "index.html": 1697568464457
}