{
  "index.html": 1697568464457,
  "controller/View.controller.js": 1697568464473,
  "model/models.js": 1697568464465,
  "controller/App.controller.js": 1697568464469,
  "manifest.json": 1697621664344,
  "Component.js": 1697568464457,
  "Component-dbg.js": 1697568464457,
  "Component.js.map": 1697621664629,
  "model/models-dbg.js": 1697568464465,
  "model/models.js.map": 1697621664623,
  "controller/App-dbg.controller.js": 1697568464469,
  "controller/App.controller.js.map": 1697621664620,
  "controller/View-dbg.controller.js": 1697568464473,
  "controller/View.controller.js.map": 1697621664624,
  "Component-preload.js": 1697621664890,
  "Component-preload.js.map": 1697621664890,
  "view/View.view.xml": 1697568464473,
  "view/App.view.xml": 1697568464473,
  "css/style.css": 1697568464469,
  "i18n/i18n.properties": 1697568464461
}