{
  "model/models.js": 1697568464465,
  "manifest.json": 1697780689682,
  "controller/View.controller.js": 1697568464473,
  "controller/App.controller.js": 1697568464469,
  "i18n/i18n.properties": 1697568464461,
  "Component.js": 1697568464457,
  "model/models-dbg.js": 1697568464465,
  "model/models.js.map": 1697780689959,
  "controller/App-dbg.controller.js": 1697568464469,
  "controller/App.controller.js.map": 1697780689965,
  "controller/View-dbg.controller.js": 1697568464473,
  "controller/View.controller.js.map": 1697780689962,
  "Component-dbg.js": 1697568464457,
  "Component.js.map": 1697780689985,
  "Component-preload.js": 1697780690206,
  "Component-preload.js.map": 1697780690206,
  "view/View.view.xml": 1697568464473,
  "view/App.view.xml": 1697568464473,
  "css/style.css": 1697568464469,
  "index.html": 1697568464457
}